[
  {
    "id": "97be0b96-11fe-4ea0-a0b9-b673a08764eb",
    "data": [
      {
        "text": "pastinya",
        "userDefined": false
      }
    ],
    "isTemplate": false,
    "count": 0
  },
  {
    "id": "f06d684c-2f7e-4f0e-ab80-c52aa150491a",
    "data": [
      {
        "text": "saya setuju",
        "userDefined": false
      }
    ],
    "isTemplate": false,
    "count": 0
  },
  {
    "id": "200fd95d-c27c-4602-bea7-e4a756373dff",
    "data": [
      {
        "text": "ya",
        "userDefined": false
      }
    ],
    "isTemplate": false,
    "count": 0
  },
  {
    "id": "aa52b1ff-b65c-4934-8f20-29d6c79476fd",
    "data": [
      {
        "text": "benar",
        "userDefined": false
      }
    ],
    "isTemplate": false,
    "count": 0
  },
  {
    "id": "94ea185e-b67b-4f95-ab48-ab7b3aceee42",
    "data": [
      {
        "text": "iya",
        "userDefined": false
      }
    ],
    "isTemplate": false,
    "count": 0
  },
  {
    "id": "969656f1-4915-45ab-b7f5-fdd044f3c90b",
    "data": [
      {
        "text": "saya tidak keberatan",
        "userDefined": false
      }
    ],
    "isTemplate": false,
    "count": 0
  },
  {
    "id": "3153dc90-6fe5-4a08-96ee-78b4c6e77266",
    "data": [
      {
        "text": "ok",
        "userDefined": false
      }
    ],
    "isTemplate": false,
    "count": 0
  },
  {
    "id": "023ae861-9a92-4a9f-968b-48e6c3e36303",
    "data": [
      {
        "text": "kedengarannya bagus",
        "userDefined": false
      }
    ],
    "isTemplate": false,
    "count": 0
  },
  {
    "id": "cf2da454-f59b-4eb7-bdf0-b603a1206551",
    "data": [
      {
        "text": "oke lanjut",
        "userDefined": false
      }
    ],
    "isTemplate": false,
    "count": 0
  },
  {
    "id": "5d114918-1f1e-42ae-b627-1901f27314b3",
    "data": [
      {
        "text": "setuju",
        "userDefined": false
      }
    ],
    "isTemplate": false,
    "count": 0
  },
  {
    "id": "0281247b-9b1b-41d0-a898-0286132cf8ef",
    "data": [
      {
        "text": "oke",
        "userDefined": false
      }
    ],
    "isTemplate": false,
    "count": 0
  }
]