[
  {
    "id": "cccd3146-ce66-4d6f-91db-eb5dde74080a",
    "data": [
      {
        "text": "classroom",
        "alias": "tempat",
        "meta": "@sys.any",
        "userDefined": true
      }
    ],
    "isTemplate": false,
    "count": 0
  },
  {
    "id": "531b446d-2533-4652-99ee-a34487113e8c",
    "data": [
      {
        "text": "jarkom",
        "alias": "catatan",
        "meta": "@sys.any",
        "userDefined": true
      }
    ],
    "isTemplate": false,
    "count": 0
  },
  {
    "id": "bb841ae1-00c9-460e-b899-9b2516c644d9",
    "data": [
      {
        "text": "kwu",
        "alias": "catatan",
        "meta": "@sys.any",
        "userDefined": true
      }
    ],
    "isTemplate": false,
    "count": 0
  },
  {
    "id": "421610aa-c545-49d0-9b3b-b3e01f8bff05",
    "data": [
      {
        "text": "elisa",
        "alias": "tempat",
        "meta": "@sys.any",
        "userDefined": true
      }
    ],
    "isTemplate": false,
    "count": 0
  },
  {
    "id": "6df221d9-f604-4493-9892-10a6a75ae4f8",
    "data": [
      {
        "text": "2 des",
        "alias": "tanggal",
        "meta": "@sys.date",
        "userDefined": false
      }
    ],
    "isTemplate": false,
    "count": 0
  },
  {
    "id": "607a8752-1a0b-49b1-9e36-425eb6206535",
    "data": [
      {
        "text": "schoology",
        "alias": "tempat",
        "meta": "@sys.any",
        "userDefined": true
      }
    ],
    "isTemplate": false,
    "count": 0
  }
]