[
  {
    "id": "f40e74d6-1b65-4b4e-9cf8-3a8b183759d1",
    "data": [
      {
        "text": "saya nggak mau",
        "userDefined": false
      }
    ],
    "isTemplate": false,
    "count": 0
  },
  {
    "id": "556cede2-425a-4e53-b6a4-b5a18ddb3223",
    "data": [
      {
        "text": "tdk",
        "userDefined": false
      }
    ],
    "isTemplate": false,
    "count": 0
  },
  {
    "id": "cb3c5f82-92ae-4f07-99b8-b354cdf171b3",
    "data": [
      {
        "text": "tidak mau",
        "userDefined": true
      }
    ],
    "isTemplate": false,
    "count": 0
  },
  {
    "id": "fa1594ab-8a55-4185-842d-cd3001079590",
    "data": [
      {
        "text": "tidak tertarik",
        "userDefined": false
      }
    ],
    "isTemplate": false,
    "count": 0
  },
  {
    "id": "70590c86-8ddb-4403-9eb2-f9cc1423dd13",
    "data": [
      {
        "text": "tidak juga",
        "userDefined": false
      }
    ],
    "isTemplate": false,
    "count": 0
  },
  {
    "id": "19d311f3-d73c-40b5-bc24-baf410415a6e",
    "data": [
      {
        "text": "sama sekali tidak",
        "userDefined": false
      }
    ],
    "isTemplate": false,
    "count": 0
  },
  {
    "id": "1002b614-3f9b-4f64-9d74-9e5c912486b0",
    "data": [
      {
        "text": "tidak terima kasih",
        "userDefined": false
      }
    ],
    "isTemplate": false,
    "count": 0
  },
  {
    "id": "b508eb0f-1bc6-4a07-8ac2-3956cd00c11f",
    "data": [
      {
        "text": "jangan lakukan",
        "userDefined": false
      }
    ],
    "isTemplate": false,
    "count": 0
  },
  {
    "id": "5b4e765f-bc2e-4a22-ace0-5c949efd2453",
    "data": [
      {
        "text": "tidak",
        "userDefined": false
      }
    ],
    "isTemplate": false,
    "count": 0
  },
  {
    "id": "756171ee-3565-4e55-a4fa-99ac02f5458a",
    "data": [
      {
        "text": "saya tidak setuju",
        "userDefined": false
      }
    ],
    "isTemplate": false,
    "count": 0
  }
]