[
  {
    "id": "5923ecc0-4e40-40d1-9bf5-789396a52893",
    "data": [
      {
        "text": "saya nggak mau",
        "userDefined": false
      }
    ],
    "isTemplate": false,
    "count": 0
  },
  {
    "id": "6c18399f-d4d7-4016-bc27-cd239f89d1f2",
    "data": [
      {
        "text": "tidak tertarik",
        "userDefined": false
      }
    ],
    "isTemplate": false,
    "count": 0
  },
  {
    "id": "ac65db65-d712-400c-931d-bc0ab5d4cc36",
    "data": [
      {
        "text": "tdk",
        "userDefined": false
      }
    ],
    "isTemplate": false,
    "count": 0
  },
  {
    "id": "5586816f-c2da-404e-9ed8-61d5a352df49",
    "data": [
      {
        "text": "tidak",
        "userDefined": false
      }
    ],
    "isTemplate": false,
    "count": 0
  },
  {
    "id": "55ee515b-44c4-4189-85e2-787b5f0ec62d",
    "data": [
      {
        "text": "tidak mau",
        "userDefined": true
      }
    ],
    "isTemplate": false,
    "count": 0
  },
  {
    "id": "492763fd-bfb4-4c3c-8545-f888f791b467",
    "data": [
      {
        "text": "saya tidak setuju",
        "userDefined": false
      }
    ],
    "isTemplate": false,
    "count": 0
  },
  {
    "id": "2bcc491d-c753-4677-abd3-c9c22dd01e42",
    "data": [
      {
        "text": "tidak terima kasih",
        "userDefined": false
      }
    ],
    "isTemplate": false,
    "count": 0
  },
  {
    "id": "c67e54ee-c276-4c99-b6a2-ddfabcfe07ba",
    "data": [
      {
        "text": "tidak juga",
        "userDefined": false
      }
    ],
    "isTemplate": false,
    "count": 0
  },
  {
    "id": "213714f3-209c-4f58-9b1c-ab2fad05b714",
    "data": [
      {
        "text": "jangan lakukan",
        "userDefined": false
      }
    ],
    "isTemplate": false,
    "count": 0
  },
  {
    "id": "67a468dc-572e-4c10-9b7a-06a60c646d9f",
    "data": [
      {
        "text": "sama sekali tidak",
        "userDefined": false
      }
    ],
    "isTemplate": false,
    "count": 0
  }
]