[
  {
    "id": "24f6407f-4152-47ae-85d4-d64c15e187c2",
    "data": [
      {
        "text": "2 januari 2018",
        "alias": "tanggalHapus",
        "meta": "@sys.date",
        "userDefined": false
      }
    ],
    "isTemplate": false,
    "count": 0
  },
  {
    "id": "49202cf3-9087-4509-a884-33cb15f87c4c",
    "data": [
      {
        "text": "12 oktober",
        "alias": "tanggalHapus",
        "meta": "@sys.date",
        "userDefined": false
      }
    ],
    "isTemplate": false,
    "count": 0
  }
]