[
  {
    "id": "1ca8eb54-b8b4-4304-a15c-1fb169a7d7fb",
    "data": [
      {
        "text": "Hapus agenda",
        "userDefined": false
      }
    ],
    "isTemplate": false,
    "count": 0
  },
  {
    "id": "a6a10291-4e16-4b21-880a-d6f211f7c47d",
    "data": [
      {
        "text": "Hapus jadwal",
        "userDefined": false
      }
    ],
    "isTemplate": false,
    "count": 0
  },
  {
    "id": "428c5345-1efd-4e52-add8-e214791f2347",
    "data": [
      {
        "text": "Hapuscatatan",
        "userDefined": false
      }
    ],
    "isTemplate": false,
    "count": 0
  }
]