[
  {
    "id": "f415f744-41a7-4477-9e94-5c5eb879f4e8",
    "data": [
      {
        "text": "lihat agenda",
        "userDefined": false
      }
    ],
    "isTemplate": false,
    "count": 0
  },
  {
    "id": "c2337e2b-8df3-418f-9120-86639ebbc188",
    "data": [
      {
        "text": "lihat jadwal",
        "userDefined": false
      }
    ],
    "isTemplate": false,
    "count": 0
  },
  {
    "id": "1636092d-b3f4-4055-bea7-850a049cfc60",
    "data": [
      {
        "text": "Lihatcatatan",
        "userDefined": false
      }
    ],
    "isTemplate": false,
    "count": 0
  }
]