[
  {
    "id": "7a0f8d52-2d2c-404d-970d-e65ee87b9890",
    "data": [
      {
        "text": "ya",
        "userDefined": false
      }
    ],
    "isTemplate": false,
    "count": 0
  },
  {
    "id": "f70ec794-7f1d-4907-bd2f-0a41ce966cd2",
    "data": [
      {
        "text": "benar",
        "userDefined": false
      }
    ],
    "isTemplate": false,
    "count": 0
  },
  {
    "id": "349df592-bbba-4fac-a5f8-cd3832ae2165",
    "data": [
      {
        "text": "ok",
        "userDefined": false
      }
    ],
    "isTemplate": false,
    "count": 0
  },
  {
    "id": "ce2a6154-f171-4bb8-a445-4ce216e3c503",
    "data": [
      {
        "text": "oke lanjut",
        "userDefined": false
      }
    ],
    "isTemplate": false,
    "count": 0
  },
  {
    "id": "90c5976a-5087-468f-bc65-dc8f18ad3c06",
    "data": [
      {
        "text": "y",
        "userDefined": false
      }
    ],
    "isTemplate": false,
    "count": 0
  },
  {
    "id": "391d0b62-4219-4a2b-9cb4-b94ca0c21ff4",
    "data": [
      {
        "text": "setuju",
        "userDefined": false
      }
    ],
    "isTemplate": false,
    "count": 0
  },
  {
    "id": "e9e55261-4a4f-4780-90a0-ebc3812b497c",
    "data": [
      {
        "text": "saya setuju",
        "userDefined": false
      }
    ],
    "isTemplate": false,
    "count": 0
  },
  {
    "id": "791420f4-79b7-4c19-8c21-5e6eea98048a",
    "data": [
      {
        "text": "kedengarannya bagus",
        "userDefined": false
      }
    ],
    "isTemplate": false,
    "count": 0
  },
  {
    "id": "90047139-4b27-4b91-b089-9d8095559fc6",
    "data": [
      {
        "text": "saya tidak keberatan",
        "userDefined": false
      }
    ],
    "isTemplate": false,
    "count": 0
  },
  {
    "id": "a9c06a2b-2490-49a3-a018-f584c04dc858",
    "data": [
      {
        "text": "pastinya",
        "userDefined": false
      }
    ],
    "isTemplate": false,
    "count": 0
  },
  {
    "id": "0bea1420-df5a-412d-b7cc-10b22417a860",
    "data": [
      {
        "text": "oke",
        "userDefined": false
      }
    ],
    "isTemplate": false,
    "count": 0
  },
  {
    "id": "bdba0d2c-01eb-4a35-b326-8ecc1dde16c4",
    "data": [
      {
        "text": "iya",
        "userDefined": false
      }
    ],
    "isTemplate": false,
    "count": 0
  }
]