[
  {
    "id": "93732b28-1ce9-4137-8c53-0183ffae1e9c",
    "data": [
      {
        "text": "no",
        "meta": "@sys.ignore",
        "userDefined": false
      }
    ],
    "isTemplate": false,
    "count": 0
  },
  {
    "id": "d3382ace-2a77-4d7a-b3be-c9b7bc65b031",
    "data": [
      {
        "text": "tidak",
        "userDefined": false
      }
    ],
    "isTemplate": false,
    "count": 0
  },
  {
    "id": "6163543a-f6af-4e6a-8192-1b73fdc90c53",
    "data": [
      {
        "text": "tidak terima kasih",
        "userDefined": false
      }
    ],
    "isTemplate": false,
    "count": 0
  },
  {
    "id": "e9b79991-eb7c-4439-b3fb-d29bf553e4dd",
    "data": [
      {
        "text": "tdk",
        "userDefined": false
      }
    ],
    "isTemplate": false,
    "count": 0
  },
  {
    "id": "35ae689c-b67c-4e9d-b2c3-49d32a0234af",
    "data": [
      {
        "text": "saya tidak setuju",
        "userDefined": false
      }
    ],
    "isTemplate": false,
    "count": 0
  },
  {
    "id": "240fe468-31c7-4cfa-bd4f-e28c236b099b",
    "data": [
      {
        "text": "saya nggak mau",
        "userDefined": false
      }
    ],
    "isTemplate": false,
    "count": 0
  },
  {
    "id": "0d24d104-82fd-417a-9e63-d88519c9e4dc",
    "data": [
      {
        "text": "tidak juga",
        "userDefined": false
      }
    ],
    "isTemplate": false,
    "count": 0
  },
  {
    "id": "91ccf1c7-e508-46c9-a25f-aca6bb46564c",
    "data": [
      {
        "text": "tidak tertarik",
        "userDefined": false
      }
    ],
    "isTemplate": false,
    "count": 0
  },
  {
    "id": "11af07ab-1d65-4cbd-846a-99ea1a07c456",
    "data": [
      {
        "text": "skip",
        "userDefined": false
      }
    ],
    "isTemplate": false,
    "count": 0
  },
  {
    "id": "5a4db16e-cad2-4340-a6ce-0e87ed99fd8d",
    "data": [
      {
        "text": "sama sekali tidak",
        "userDefined": false
      }
    ],
    "isTemplate": false,
    "count": 0
  },
  {
    "id": "5f418298-7016-4ab1-888f-c28e1828d375",
    "data": [
      {
        "text": "jangan lakukan",
        "userDefined": false
      }
    ],
    "isTemplate": false,
    "count": 0
  },
  {
    "id": "6b7bfa84-7836-42b5-ba62-8f46e955f202",
    "data": [
      {
        "text": "salah",
        "userDefined": false
      }
    ],
    "isTemplate": false,
    "count": 0
  },
  {
    "id": "0e2afa44-610a-4277-91be-3d494d9b23b7",
    "data": [
      {
        "text": "tidak mau",
        "userDefined": true
      }
    ],
    "isTemplate": false,
    "count": 0
  }
]