[
  {
    "id": "1b699c8c-5a5c-4c02-833c-fe23258e2c6f",
    "data": [
      {
        "text": "hi",
        "meta": "@sys.ignore",
        "userDefined": false
      }
    ],
    "isTemplate": false,
    "count": 0
  },
  {
    "id": "808701ad-9601-452d-8af2-671b3fe31e3c",
    "data": [
      {
        "text": "halo yang di sana",
        "userDefined": false
      }
    ],
    "isTemplate": false,
    "count": 0,
    "updated": 0
  },
  {
    "id": "274f7b89-7443-4557-b0b0-6e1126db8ae5",
    "data": [
      {
        "text": "salam",
        "userDefined": false
      }
    ],
    "isTemplate": false,
    "count": 0,
    "updated": 0
  },
  {
    "id": "7c4f9c00-9d00-4625-a0a7-486cb0ac6347",
    "data": [
      {
        "text": "assalamualaikum",
        "userDefined": false
      }
    ],
    "isTemplate": false,
    "count": 0,
    "updated": 0
  },
  {
    "id": "c7deed36-4f84-4e69-b89b-750c5c54f0d8",
    "data": [
      {
        "text": "lama nggak ketemu",
        "userDefined": false
      }
    ],
    "isTemplate": false,
    "count": 0,
    "updated": 0
  },
  {
    "id": "a62d4121-d830-455a-8ddd-d41df2393adf",
    "data": [
      {
        "text": "halo apa kabar",
        "userDefined": false
      }
    ],
    "isTemplate": false,
    "count": 0,
    "updated": 0
  },
  {
    "id": "d187c918-50da-4122-aa97-c0ad3a557740",
    "data": [
      {
        "text": "hai hai",
        "userDefined": false
      }
    ],
    "isTemplate": false,
    "count": 0,
    "updated": 0
  },
  {
    "id": "b3a20f22-b70f-4ec6-a7d8-ce030f25e08e",
    "data": [
      {
        "text": "hai apa kabarnya",
        "userDefined": false
      }
    ],
    "isTemplate": false,
    "count": 0,
    "updated": 0
  },
  {
    "id": "f385ecdc-816c-43d5-954f-426149887786",
    "data": [
      {
        "text": "halo",
        "userDefined": false
      }
    ],
    "isTemplate": false,
    "count": 0,
    "updated": 0
  },
  {
    "id": "e82f7609-728d-4313-aa60-cbab0d2e1a24",
    "data": [
      {
        "text": "hai",
        "userDefined": false
      }
    ],
    "isTemplate": false,
    "count": 0,
    "updated": 0
  },
  {
    "id": "bc13e064-6ca2-4bb4-bd42-28453eae00b7",
    "data": [
      {
        "text": "halo halo",
        "userDefined": false
      }
    ],
    "isTemplate": false,
    "count": 0,
    "updated": 0
  }
]