[
  {
    "id": "d6d464a4-38e1-4a59-85fe-9ed111bae16c",
    "data": [
      {
        "text": "yo",
        "userDefined": false
      }
    ],
    "isTemplate": false,
    "count": 0
  },
  {
    "id": "17185b19-0789-40e2-b115-386a53258215",
    "data": [
      {
        "text": "ya",
        "userDefined": false
      }
    ],
    "isTemplate": false,
    "count": 0
  },
  {
    "id": "a2998fa0-abd6-456a-9ceb-d3afec69fee0",
    "data": [
      {
        "text": "ok",
        "userDefined": false
      }
    ],
    "isTemplate": false,
    "count": 0
  },
  {
    "id": "9a0df6ef-8864-4ce6-94ae-68883f3305e4",
    "data": [
      {
        "text": "iya",
        "userDefined": false
      }
    ],
    "isTemplate": false,
    "count": 0
  },
  {
    "id": "efb30105-0026-4120-9a8e-f03b2e58778d",
    "data": [
      {
        "text": "oke",
        "userDefined": false
      }
    ],
    "isTemplate": false,
    "count": 0
  },
  {
    "id": "77ee8fd9-adc2-4ce7-b4df-3d3b3dbede07",
    "data": [
      {
        "text": "kedengarannya bagus",
        "userDefined": false
      }
    ],
    "isTemplate": false,
    "count": 0
  },
  {
    "id": "d8b0e239-01f0-47f1-8ebc-d9499e3e3214",
    "data": [
      {
        "text": "yeah",
        "userDefined": false
      }
    ],
    "isTemplate": false,
    "count": 0
  },
  {
    "id": "2f4696d6-6b3a-4c1c-885b-69982aedf661",
    "data": [
      {
        "text": "y",
        "userDefined": false
      }
    ],
    "isTemplate": false,
    "count": 0
  },
  {
    "id": "7a9b75ba-9fde-4492-8778-d27f18ddab5a",
    "data": [
      {
        "text": "benar",
        "userDefined": false
      }
    ],
    "isTemplate": false,
    "count": 0
  },
  {
    "id": "73b73cb3-354b-4a08-bf18-42117c2da10f",
    "data": [
      {
        "text": "oke lanjut",
        "userDefined": false
      }
    ],
    "isTemplate": false,
    "count": 0
  },
  {
    "id": "f6d90cf1-7484-4c61-846d-df3f6d3030a2",
    "data": [
      {
        "text": "cuss",
        "userDefined": false
      }
    ],
    "isTemplate": false,
    "count": 0
  },
  {
    "id": "0b90b966-45f8-4f7e-8d41-6ef9790077b3",
    "data": [
      {
        "text": "yes",
        "userDefined": false
      }
    ],
    "isTemplate": false,
    "count": 0
  },
  {
    "id": "32812375-0459-4e46-9d00-cbad3e0689d6",
    "data": [
      {
        "text": "pastinya",
        "userDefined": false
      }
    ],
    "isTemplate": false,
    "count": 0
  },
  {
    "id": "bc1505ee-a09a-4840-ae21-5531b94c2bb3",
    "data": [
      {
        "text": "saya setuju",
        "userDefined": false
      }
    ],
    "isTemplate": false,
    "count": 0
  },
  {
    "id": "2d95e6e2-a749-414a-958b-bfe0c731b0ba",
    "data": [
      {
        "text": "saya tidak keberatan",
        "userDefined": false
      }
    ],
    "isTemplate": false,
    "count": 0
  },
  {
    "id": "c89de7c2-f2f7-4ad7-afaa-eee1fda5ad9d",
    "data": [
      {
        "text": "setuju",
        "userDefined": false
      }
    ],
    "isTemplate": false,
    "count": 0
  }
]