[
  {
    "id": "76860051-e12d-4543-b60d-d7163719b36f",
    "data": [
      {
        "text": "yes",
        "userDefined": false
      }
    ],
    "isTemplate": false,
    "count": 0
  },
  {
    "id": "bad623d7-5cf6-4182-9210-936a47d1207c",
    "data": [
      {
        "text": "oke lanjut",
        "userDefined": false
      }
    ],
    "isTemplate": false,
    "count": 0
  },
  {
    "id": "c1f81859-1a6e-4955-b091-9df475297e27",
    "data": [
      {
        "text": "saya setuju",
        "userDefined": false
      }
    ],
    "isTemplate": false,
    "count": 0
  },
  {
    "id": "8d6f8b31-1df1-450d-8cb0-d599d7f52d74",
    "data": [
      {
        "text": "saya tidak keberatan",
        "userDefined": false
      }
    ],
    "isTemplate": false,
    "count": 0
  },
  {
    "id": "e1171d67-8f1a-47ee-b4ce-dc923a1dfdd3",
    "data": [
      {
        "text": "yeah",
        "userDefined": false
      }
    ],
    "isTemplate": false,
    "count": 0
  },
  {
    "id": "6c616903-7295-4459-9aac-3c952a654b14",
    "data": [
      {
        "text": "cuss",
        "userDefined": false
      }
    ],
    "isTemplate": false,
    "count": 0
  },
  {
    "id": "6fe88c39-60ed-425f-8fee-971883a41b37",
    "data": [
      {
        "text": "ok",
        "userDefined": false
      }
    ],
    "isTemplate": false,
    "count": 0
  },
  {
    "id": "108834ea-c371-471b-9d46-7b1d8e165651",
    "data": [
      {
        "text": "kedengarannya bagus",
        "userDefined": false
      }
    ],
    "isTemplate": false,
    "count": 0
  },
  {
    "id": "30b97246-b374-47b8-b650-306a2a53b36d",
    "data": [
      {
        "text": "ya",
        "userDefined": false
      }
    ],
    "isTemplate": false,
    "count": 0
  },
  {
    "id": "92c0c8ee-5bea-4a11-8ef3-1277b3521eee",
    "data": [
      {
        "text": "benar",
        "userDefined": false
      }
    ],
    "isTemplate": false,
    "count": 0
  },
  {
    "id": "24fbd1f3-a3f9-4079-9809-acfa88b71a83",
    "data": [
      {
        "text": "yo",
        "userDefined": false
      }
    ],
    "isTemplate": false,
    "count": 0
  },
  {
    "id": "3c9dd7bb-f919-4109-9dbf-d0412dbdd3a0",
    "data": [
      {
        "text": "setuju",
        "userDefined": false
      }
    ],
    "isTemplate": false,
    "count": 0
  },
  {
    "id": "457a9202-2075-49bc-b532-748b75e634e1",
    "data": [
      {
        "text": "oke",
        "userDefined": false
      }
    ],
    "isTemplate": false,
    "count": 0
  },
  {
    "id": "9723ee8a-ef25-4a65-863e-a9beaf9d5366",
    "data": [
      {
        "text": "iya",
        "userDefined": false
      }
    ],
    "isTemplate": false,
    "count": 0
  },
  {
    "id": "088eee82-60ca-45b3-af78-bbb5c52d302e",
    "data": [
      {
        "text": "pastinya",
        "userDefined": false
      }
    ],
    "isTemplate": false,
    "count": 0
  }
]