[
  {
    "id": "08cf0059-898f-46e2-97ee-22bd05a6075c",
    "data": [
      {
        "text": "zp;",
        "userDefined": false
      },
      {
        "text": "600000",
        "alias": "penghasilan",
        "meta": "@sys.number",
        "userDefined": false
      },
      {
        "text": ";",
        "userDefined": false
      },
      {
        "text": "120000",
        "alias": "bonus",
        "meta": "@sys.number",
        "userDefined": false
      },
      {
        "text": ";",
        "userDefined": false
      },
      {
        "text": "500000",
        "alias": "pengeluaran",
        "meta": "@sys.number",
        "userDefined": false
      }
    ],
    "isTemplate": false,
    "count": 0
  },
  {
    "id": "9f4db5de-53ba-4dd6-a8c4-17aa9099e754",
    "data": [
      {
        "text": "zp;",
        "userDefined": false
      },
      {
        "text": "3400032",
        "alias": "penghasilan",
        "meta": "@sys.number",
        "userDefined": false
      },
      {
        "text": ";",
        "userDefined": false
      },
      {
        "text": "289000",
        "alias": "bonus",
        "meta": "@sys.number",
        "userDefined": false
      },
      {
        "text": ";",
        "userDefined": false
      },
      {
        "text": "0",
        "alias": "pengeluaran",
        "meta": "@sys.number",
        "userDefined": false
      }
    ],
    "isTemplate": false,
    "count": 0
  },
  {
    "id": "7cbd4b29-d216-4c38-b60e-8192f5e58550",
    "data": [
      {
        "text": "zp;",
        "userDefined": false
      },
      {
        "text": "1000000",
        "alias": "penghasilan",
        "meta": "@sys.number",
        "userDefined": true
      },
      {
        "text": ";",
        "userDefined": false
      },
      {
        "text": "200000",
        "alias": "bonus",
        "meta": "@sys.number",
        "userDefined": true
      },
      {
        "text": ";",
        "userDefined": false
      },
      {
        "text": "20000",
        "alias": "pengeluaran",
        "meta": "@sys.number",
        "userDefined": true
      }
    ],
    "isTemplate": false,
    "count": 0
  }
]