[
  {
    "id": "f219fce4-ccce-4e44-92ad-9be942cd038c",
    "data": [
      {
        "text": "saya nggak mau",
        "userDefined": false
      }
    ],
    "isTemplate": false,
    "count": 0
  },
  {
    "id": "6f5884c4-866b-4fdb-a2cf-9fff44d9f282",
    "data": [
      {
        "text": "jangan lakukan",
        "userDefined": false
      }
    ],
    "isTemplate": false,
    "count": 0
  },
  {
    "id": "07c4f56a-7939-4a66-b892-11ccb4ea5fb8",
    "data": [
      {
        "text": "tidak",
        "userDefined": false
      }
    ],
    "isTemplate": false,
    "count": 0
  },
  {
    "id": "681f0f68-fc52-42fb-8ad4-ed41168c35f0",
    "data": [
      {
        "text": "sama sekali tidak",
        "userDefined": false
      }
    ],
    "isTemplate": false,
    "count": 0
  },
  {
    "id": "2cc36d90-4514-48e7-910d-6e32b5bc909c",
    "data": [
      {
        "text": "no",
        "meta": "@sys.ignore",
        "userDefined": false
      }
    ],
    "isTemplate": false,
    "count": 0
  },
  {
    "id": "5e1f259f-d82b-4e5b-b365-4e9287f704a4",
    "data": [
      {
        "text": "tidak terima kasih",
        "userDefined": false
      }
    ],
    "isTemplate": false,
    "count": 0
  },
  {
    "id": "4305aefd-02f2-45ad-8d32-4ab48414cbd0",
    "data": [
      {
        "text": "tidak juga",
        "userDefined": false
      }
    ],
    "isTemplate": false,
    "count": 0
  },
  {
    "id": "8ade2fce-2699-4449-8760-40e4cb89653c",
    "data": [
      {
        "text": "tdk",
        "userDefined": false
      }
    ],
    "isTemplate": false,
    "count": 0
  },
  {
    "id": "8c72c950-d9a7-4651-a537-1d1a977689de",
    "data": [
      {
        "text": "tidak mau",
        "userDefined": true
      }
    ],
    "isTemplate": false,
    "count": 0
  },
  {
    "id": "7ff5fb20-0fe2-4311-a3b3-f1889e193e53",
    "data": [
      {
        "text": "saya tidak setuju",
        "userDefined": false
      }
    ],
    "isTemplate": false,
    "count": 0
  },
  {
    "id": "f96eb5b9-76cd-41a2-aaed-8afd487d5408",
    "data": [
      {
        "text": "tidak tertarik",
        "userDefined": false
      }
    ],
    "isTemplate": false,
    "count": 0
  }
]