[
  {
    "id": "75c01ee2-b51f-42da-ab27-83c085f838c4",
    "data": [
      {
        "text": "zm;",
        "userDefined": false
      },
      {
        "text": "120000000",
        "alias": "tabungan",
        "meta": "@sys.number",
        "userDefined": true
      },
      {
        "text": ";",
        "userDefined": false
      },
      {
        "text": "10000000",
        "alias": "perhiasan",
        "meta": "@sys.number",
        "userDefined": true
      },
      {
        "text": ";",
        "userDefined": false
      },
      {
        "text": "700000000",
        "alias": "properti",
        "meta": "@sys.number",
        "userDefined": true
      },
      {
        "text": ";",
        "userDefined": false
      },
      {
        "text": "1000000",
        "alias": "lain",
        "meta": "@sys.number",
        "userDefined": true
      }
    ],
    "isTemplate": false,
    "count": 0
  },
  {
    "id": "ce8d1717-ef5d-4c74-bd01-1a03d1d1b9dd",
    "data": [
      {
        "text": "zm;",
        "userDefined": false
      },
      {
        "text": "3008900",
        "alias": "tabungan",
        "meta": "@sys.number",
        "userDefined": false
      },
      {
        "text": ";",
        "userDefined": false
      },
      {
        "text": "13800000",
        "alias": "perhiasan",
        "meta": "@sys.number",
        "userDefined": false
      },
      {
        "text": ";",
        "userDefined": false
      },
      {
        "text": "108720000",
        "alias": "properti",
        "meta": "@sys.number",
        "userDefined": false
      },
      {
        "text": ";",
        "userDefined": false
      },
      {
        "text": "10200",
        "alias": "lain",
        "meta": "@sys.number",
        "userDefined": false
      }
    ],
    "isTemplate": false,
    "count": 0
  },
  {
    "id": "e4998f4b-3a6b-464d-a158-73c6f55eab2f",
    "data": [
      {
        "text": "zm;",
        "userDefined": false
      },
      {
        "text": "60500000",
        "alias": "tabungan",
        "meta": "@sys.number",
        "userDefined": false
      },
      {
        "text": ";",
        "userDefined": false
      },
      {
        "text": "8045000",
        "alias": "perhiasan",
        "meta": "@sys.number",
        "userDefined": false
      },
      {
        "text": ";",
        "userDefined": false
      },
      {
        "text": "234000000",
        "alias": "properti",
        "meta": "@sys.number",
        "userDefined": false
      },
      {
        "text": ";",
        "userDefined": false
      },
      {
        "text": "1090000",
        "alias": "lain",
        "meta": "@sys.number",
        "userDefined": false
      }
    ],
    "isTemplate": false,
    "count": 0
  }
]