[
  {
    "id": "2ad7a92f-0836-4870-8ad3-e448d87610cb",
    "data": [
      {
        "text": "tdk",
        "userDefined": false
      }
    ],
    "isTemplate": false,
    "count": 0
  },
  {
    "id": "65a882e8-466a-4f3c-b47d-a7570d0e9033",
    "data": [
      {
        "text": "salah",
        "userDefined": false
      }
    ],
    "isTemplate": false,
    "count": 0
  },
  {
    "id": "34de5978-1574-4975-9b61-7f8cb00bb472",
    "data": [
      {
        "text": "skip",
        "userDefined": false
      }
    ],
    "isTemplate": false,
    "count": 0
  },
  {
    "id": "2368840d-6a12-4163-97ae-0e7d6d957f5e",
    "data": [
      {
        "text": "tidak",
        "userDefined": false
      }
    ],
    "isTemplate": false,
    "count": 0
  },
  {
    "id": "3f8f9571-45b5-4260-8a4e-f4c07d53c381",
    "data": [
      {
        "text": "jangan lakukan",
        "userDefined": false
      }
    ],
    "isTemplate": false,
    "count": 0
  },
  {
    "id": "5e609b32-7f15-4bca-8f1b-28743eb96ef9",
    "data": [
      {
        "text": "tidak mau",
        "userDefined": true
      }
    ],
    "isTemplate": false,
    "count": 0
  },
  {
    "id": "47e04753-0b8c-4c36-849c-bf78ea22a590",
    "data": [
      {
        "text": "no",
        "meta": "@sys.ignore",
        "userDefined": false
      }
    ],
    "isTemplate": false,
    "count": 0
  },
  {
    "id": "cec71371-410d-402a-a237-0367cebac63a",
    "data": [
      {
        "text": "saya tidak setuju",
        "userDefined": false
      }
    ],
    "isTemplate": false,
    "count": 0
  },
  {
    "id": "d5ad0bf5-3b56-4265-b34f-1837783d3345",
    "data": [
      {
        "text": "saya nggak mau",
        "userDefined": false
      }
    ],
    "isTemplate": false,
    "count": 0
  },
  {
    "id": "841b9370-e1bb-4135-8af0-ac9a3820a4ba",
    "data": [
      {
        "text": "sama sekali tidak",
        "userDefined": false
      }
    ],
    "isTemplate": false,
    "count": 0
  },
  {
    "id": "61b92ca3-6dce-4209-ba6a-0bc215c99a88",
    "data": [
      {
        "text": "tidak terima kasih",
        "userDefined": false
      }
    ],
    "isTemplate": false,
    "count": 0
  },
  {
    "id": "b133713f-e379-4e2b-a5e3-cbd5892d953c",
    "data": [
      {
        "text": "tidak tertarik",
        "userDefined": false
      }
    ],
    "isTemplate": false,
    "count": 0
  },
  {
    "id": "eda6afb0-1aa7-43d8-a7e2-5a57488758c5",
    "data": [
      {
        "text": "tidak juga",
        "userDefined": false
      }
    ],
    "isTemplate": false,
    "count": 0
  }
]